2617,3:20:58,174,C,F,N,N,164.0,29.9,3.62,2021-6-7-3:20:57,34.6356,-86.569,149.4,14,rising,81,93,CXON,0,-0.00,-0.01,-0.01,-0.01
2617,3:20:59,177,C,F,N,N,163.8,29.9,3.64,2021-6-7-3:20:58,34.6356,-86.569,149.1,14,rising,82,94,CXON,0,-0.00,-0.01,-0.01,-0.01
2617,3:21:0,181,C,F,N,N,163.9,30.0,3.63,2021-6-7-3:20:59,34.6356,-86.569,149.1,14,rising,84,95,CXON,0,-0.02,-0.01,-0.01,-0.01
2617,3:21:2,184,C,F,N,N,164.0,30.0,3.48,2021-6-7-3:21:0,34.6356,-86.569,148.9,14,rising,85,96,CXON,0,0.01,-0.01,-0.01,-0.01
2617,3:21:3,187,C,F,N,N,163.7,30.0,3.77,2021-6-7-3:21:1,34.6356,-86.569,149.0,14,rising,86,97,CXON,0,0.01,-0.01,-0.01,-0.01
2617,3:21:4,191,C,F,N,N,163.8,30.0,3.76,2021-6-7-3:21:2,34.6356,-86.569,149.2,13,rising,87,99,CXON,0,-0.03,-0.01,-0.01,-0.01
2617,3:21:5,194,C,F,N,N,164.1,30.0,3.49,2021-6-7-3:21:3,34.6356,-86.569,149.1,13,rising,88,100,CXON,0,-0.00,-0.01,-0.01,-0.01
2617,3:21:6,197,C,F,N,N,164.0,30.0,3.63,2021-6-7-3:21:5,34.6356,-86.569,149.3,13,rising,89,101,CXON,0,0.04,-0.01,-0.01,-0.01
2617,3:21:7,200,C,F,N,N,164.0,30.0,3.72,2021-6-7-3:21:6,34.6356,-86.569,149.5,13,rising,90,102,CXON,0,-0.01,-0.01,-0.01,-0.01
2617,3:21:9,204,C,F,N,N,163.9,30.0,3.68,2021-6-7-3:21:7,34.6356,-86.569,149.7,13,rising,92,103,CXON,0,-0.01,-0.01,-0.01,-0.01
2617,3:21:10,207,C,F,N,N,163.6,30.0,3.86,2021-6-7-3:21:8,34.6356,-86.569,149.7,13,rising,93,104,CXON,0,-0.01,-0.01,-0.01,-0.01
2617,3:21:11,210,C,F,N,N,163.7,30.0,3.73,2021-6-7-3:21:9,34.6356,-86.569,149.7,13,rising,94,105,CXON,0,-0.03,-0.01,-0.01,-0.01
2617,3:21:12,214,C,F,N,N,163.8,30.1,3.69,2021-6-7-3:21:10,34.6356,-86.569,149.8,13,rising,95,107,CXON,0,0.00,-0.01,-0.01,-0.01
2617,3:21:13,217,C,F,N,N,163.6,30.1,3.73,2021-6-7-3:21:12,34.6356,-86.569,149.0,13,rising,96,108,CXON,0,0.01,-0.01,-0.01,-0.01
2617,3:21:14,220,C,F,N,N,163.6,30.1,3.70,2021-6-7-3:21:13,34.6356,-86.569,148.8,13,rising,97,109,CXON,0,-0.02,-0.01,-0.01,-0.01
2617,3:21:16,223,C,F,N,N,163.6,30.1,3.71,2021-6-7-3:21:14,34.6356,-86.569,148.7,13,rising,98,110,CXON,0,0.00,-0.01,-0.01,-0.01
2617,3:21:17,227,C,F,N,N,163.6,30.1,3.59,2021-6-7-3:21:15,34.6356,-86.569,148.7,13,rising,100,111,CXON,0,-0.00,-0.01,-0.01,-0.01
2617,3:21:18,230,C,F,N,N,163.5,30.1,3.60,2021-6-7-3:21:16,34.6356,-86.569,148.6,13,rising,101,112,CXON,0,-0.00,-0.01,-0.01,-0.01
2617,3:21:19,233,C,F,N,N,163.4,30.1,3.64,2021-6-7-3:21:17,34.6356,-86.569,148.5,13,rising,102,113,CXON,0,-0.01,-0.01,-0.01,-0.01
2617,3:21:20,237,C,F,N,N,163.4,30.1,3.52,2021-6-7-3:21:18,34.6356,-86.569,148.5,13,rising,103,115,CXON,0,-0.01,-0.01,-0.01,-0.01
2617,3:21:21,240,C,F,N,N,163.4,30.2,3.33,2021-6-7-3:21:20,34.6356,-86.569,148.6,13,rising,104,116,CXON,0,0.00,-0.01,-0.01,-0.01
2617,3:21:22,243,C,F,N,N,163.4,30.2,3.65,2021-6-7-3:21:21,34.6356,-86.569,148.7,13,rising,105,117,CXON,0,-0.00,-0.01,-0.01,-0.01
2617,3:21:24,246,C,F,N,N,163.4,30.2,3.52,2021-6-7-3:21:22,34.6356,-86.569,148.9,13,rising,106,118,CXON,0,0.00,-0.01,-0.01,-0.01
2617,3:21:25,250,C,F,N,N,163.3,30.2,3.59,2021-6-7-3:21:23,34.6356,-86.569,149.1,13,rising,108,119,CXON,0,-0.00,-0.01,-0.01,-0.01
2617,3:21:26,253,C,F,N,N,163.3,30.2,3.60,2021-6-7-3:21:24,34.6356,-86.569,149.4,13,rising,109,120,CXON,0,-0.01,-0.01,-0.01,-0.01
2617,3:21:27,256,C,F,N,N,163.6,30.2,3.81,2021-6-7-3:21:25,34.6356,-86.569,149.4,13,rising,110,121,CXON,0,-0.00,-0.01,-0.01,-0.01
2617,3:21:28,260,C,F,N,N,163.8,30.2,3.60,2021-6-7-3:21:27,34.6356,-86.569,149.7,13,rising,111,123,CXON,0,0.04,-0.01,-0.01,-0.01
2617,3:21:29,263,C,F,N,N,163.6,30.2,3.80,2021-6-7-3:21:28,34.6356,-86.569,149.7,13,rising,112,124,CXON,0,0.03,-0.01,-0.01,-0.01
2617,3:21:31,266,C,F,N,N,163.2,30.2,3.87,2021-6-7-3:21:29,34.6356,-86.569,150.0,13,rising,113,125,CXON,0,-0.02,-0.01,-0.01,-0.01
2617,3:21:32,270,C,F,N,N,163.3,30.2,3.73,2021-6-7-3:21:30,34.6356,-86.569,149.9,13,rising,115,126,CXON,0,-0.04,-0.01,-0.01,-0.01
2617,3:21:33,273,C,F,N,N,163.5,30.2,3.63,2021-6-7-3:21:31,34.6356,-86.569,149.9,13,rising,116,127,CXON,0,0.00,-0.01,-0.01,-0.01
2617,3:21:34,276,C,F,N,N,163.5,30.3,3.73,2021-6-7-3:21:32,34.6357,-86.569,149.7,13,rising,117,128,CXON,0,0.02,-0.01,-0.01,-0.01
2617,3:21:35,279,C,F,N,N,163.4,30.3,3.78,2021-6-7-3:21:33,34.6357,-86.569,149.4,13,rising,118,129,CXON,0,0.00,-0.01,-0.01,-0.01
2617,3:21:36,283,C,F,N,N,163.5,30.3,3.64,2021-6-7-3:21:35,34.6357,-86.569,149.3,13,rising,119,131,CXON,0,-0.01,-0.01,-0.01,-0.01
2617,3:21:37,286,C,F,N,N,163.7,30.3,3.61,2021-6-7-3:21:36,34.6357,-86.569,149.0,13,rising,120,132,CXON,0,0.01,-0.01,-0.01,-0.01
2617,3:21:39,289,C,F,N,N,163.6,30.3,3.61,2021-6-7-3:21:37,34.6357,-86.569,149.1,13,rising,121,133,CXON,0,0.03,-0.01,-0.01,-0.01
2617,3:21:40,293,C,F,N,N,163.6,30.3,3.53,2021-6-7-3:21:38,34.6357,-86.569,149.3,13,rising,123,134,CXON,0,-0.02,-0.01,-0.01,-0.01
2617,3:21:41,296,C,F,N,N,163.5,30.3,3.59,2021-6-7-3:21:39,34.6357,-86.569,149.3,13,rising,124,135,CXON,0,-0.01,-0.01,-0.01,-0.01
2617,3:21:42,299,C,F,N,N,163.5,30.3,3.76,2021-6-7-3:21:40,34.6357,-86.569,149.3,13,rising,125,136,CXON,0,-0.01,-0.01,-0.01,-0.01
2617,3:21:43,303,C,F,N,N,163.7,30.3,3.68,2021-6-7-3:21:42,34.6357,-86.569,149.5,13,rising,126,138,CXON,0,0.01,-0.01,-0.01,-0.01
2617,3:21:44,306,C,F,N,N,163.7,30.3,3.81,2021-6-7-3:21:43,34.6357,-86.569,149.7,13,rising,127,139,CXON,0,0.02,-0.01,-0.01,-0.01
2617,3:21:46,309,C,F,N,N,163.6,30.3,3.58,2021-6-7-3:21:44,34.6357,-86.569,149.7,13,rising,128,140,CXON,0,0.00,-0.01,-0.01,-0.01
2617,3:21:47,312,C,F,N,N,163.7,30.4,3.47,2021-6-7-3:21:45,34.6357,-86.569,149.8,13,rising,129,141,CXON,0,-0.01,-0.01,-0.01,-0.01
2617,3:21:48,316,C,F,N,N,163.7,30.4,3.63,2021-6-7-3:21:46,34.6357,-86.569,149.9,13,rising,131,142,CXON,0,0.00,-0.01,-0.01,-0.01
2617,3:21:49,319,C,F,N,N,163.6,30.4,3.73,2021-6-7-3:21:47,34.6357,-86.569,150.2,13,rising,132,143,CXON,0,0.00,-0.01,-0.01,-0.01
2617,3:21:50,323,C,F,N,N,163.8,30.4,3.84,2021-6-7-3:21:49,34.6357,-86.569,150.3,13,rising,133,145,CXON,0,-0.01,-0.01,-0.01,-0.01
2617,3:21:51,326,C,F,N,N,163.6,30.4,3.63,2021-6-7-3:21:50,34.6357,-86.569,150.2,13,rising,134,146,CXON,0,0.02,-0.01,-0.01,-0.01
2617,3:21:53,329,C,F,N,N,163.7,30.4,3.52,2021-6-7-3:21:51,34.6357,-86.569,150.1,13,rising,135,147,CXON,0,-0.02,-0.01,-0.01,-0.01
2617,3:21:54,332,C,F,N,N,163.8,30.4,3.76,2021-6-7-3:21:52,34.6357,-86.569,150.1,13,rising,136,148,CXON,0,0.01,-0.01,-0.01,-0.01
2617,3:21:55,336,C,F,N,N,163.9,30.4,3.79,2021-6-7-3:21:53,34.6357,-86.569,150.2,13,rising,138,149,CXON,0,0.01,-0.01,-0.01,-0.01
2617,3:21:56,339,C,F,N,N,163.9,30.4,3.77,2021-6-7-3:21:54,34.6357,-86.569,150.3,13,rising,139,150,CXON,0,0.01,-0.01,-0.01,-0.01
2617,3:21:57,342,C,F,N,N,163.8,30.4,3.71,2021-6-7-3:21:55,34.6357,-86.569,150.3,13,rising,140,151,CXON,0,-0.00,-0.01,-0.01,-0.01
2617,3:21:58,346,C,F,N,N,163.9,30.4,3.63,2021-6-7-3:21:57,34.6357,-86.569,150.5,13,rising,141,153,CXON,0,-0.01,-0.01,-0.01,-0.01
2617,3:21:59,349,C,F,N,N,164.0,30.4,3.45,2021-6-7-3:21:58,34.6357,-86.569,150.5,12,rising,142,154,CXON,0,0.01,-0.01,-0.01,-0.01
2617,3:22:1,352,C,F,N,N,163.9,30.4,3.63,2021-6-7-3:21:59,34.6357,-86.569,150.6,12,rising,143,155,CXON,0,0.02,-0.01,-0.01,-0.01
2617,3:22:2,355,C,F,N,N,163.8,30.5,3.49,2021-6-7-3:22:0,34.6357,-86.569,150.6,12,rising,144,156,CXON,0,-0.01,-0.01,-0.01,-0.01
2617,3:22:3,359,C,F,N,N,163.9,30.5,3.75,2021-6-7-3:22:1,34.6357,-86.569,150.7,12,rising,146,157,CXON,0,-0.02,-0.01,-0.01,-0.01
2617,3:22:4,362,C,F,N,N,163.9,30.5,3.69,2021-6-7-3:22:2,34.6357,-86.569,150.5,12,rising,147,158,CXON,0,0.01,-0.01,-0.01,-0.01
2617,3:22:5,365,C,F,N,N,163.9,30.5,3.46,2021-6-7-3:22:4,34.6357,-86.569,150.1,12,rising,148,159,CXON,0,0.00,-0.01,-0.01,-0.01
2617,3:22:6,369,C,F,N,N,163.9,30.5,3.61,2021-6-7-3:22:5,34.6357,-86.569,150.0,12,rising,149,161,CXON,0,-0.00,-0.01,-0.01,-0.01
2617,3:22:8,371,C,F,N,N,163.8,30.5,3.50,2021-6-7-3:22:6,34.6357,-86.569,149.9,12,rising,149,162,CXON,0,-0.00,-0.01,-0.01,-0.01
2617,3:22:9,373,C,F,N,N,163.6,30.5,3.77,2021-6-7-3:22:7,34.6357,-86.569,149.8,12,rising,149,163,CXON,0,-0.01,-0.01,-0.01,-0.01
2617,3:22:10,375,C,F,N,N,163.6,30.5,3.72,2021-6-7-3:22:8,34.6357,-86.569,149.4,12,rising,149,164,CXON,0,-0.02,-0.01,-0.01,-0.01
2617,3:22:11,377,C,F,N,N,163.6,30.5,3.57,2021-6-7-3:22:9,34.6357,-86.569,149.6,12,rising,149,165,CXON,0,-0.00,-0.01,-0.01,-0.01
2617,3:22:12,380,C,F,N,N,163.7,30.5,3.60,2021-6-7-3:22:11,34.6357,-86.569,149.0,12,rising,150,166,CXON,0,-0.01,-0.01,-0.01,-0.01
2617,3:22:13,384,C,F,N,N,163.8,30.5,3.56,2021-6-7-3:22:12,34.6357,-86.569,149.2,12,rising,151,168,CXON,0,0.01,-0.01,-0.01,-0.01
2617,3:22:15,387,C,F,N,N,163.9,30.5,3.62,2021-6-7-3:22:13,34.6357,-86.569,148.8,12,rising,152,169,CXON,0,0.01,-0.01,-0.01,-0.01
2617,3:22:16,390,C,F,N,N,163.8,30.5,3.49,2021-6-7-3:22:14,34.6357,-86.569,149.0,12,rising,153,170,CXON,0,0.00,-0.01,-0.01,-0.01
2617,3:22:17,393,C,F,N,N,163.9,30.5,3.53,2021-6-7-3:22:15,34.6357,-86.569,148.8,12,rising,154,171,CXON,0,-0.01,-0.01,-0.01,-0.01
2617,3:22:18,397,C,F,N,N,163.9,30.5,3.56,2021-6-7-3:22:16,34.6357,-86.569,148.4,12,rising,156,172,CXON,0,0.01,-0.01,-0.01,-0.01
2617,3:22:19,400,C,F,N,N,163.9,30.5,3.74,2021-6-7-3:22:17,34.6357,-86.569,148.4,12,rising,157,173,CXON,0,0.00,-0.01,-0.01,-0.01
2617,3:22:20,403,C,F,N,N,164.0,30.6,3.73,2021-6-7-3:22:19,34.6357,-86.569,148.5,12,rising,158,174,CXON,0,-0.00,-0.01,-0.01,-0.01
2617,3:22:21,407,C,F,N,N,164.0,30.6,3.58,2021-6-7-3:22:20,34.6357,-86.569,148.6,12,rising,159,176,CXON,0,0.00,-0.01,-0.01,-0.01
2617,3:22:23,410,C,F,N,N,163.9,30.6,3.81,2021-6-7-3:22:21,34.6357,-86.569,148.8,12,rising,160,177,CXON,0,0.00,-0.01,-0.01,-0.01
2617,3:22:24,413,C,F,N,N,163.9,30.6,3.73,2021-6-7-3:22:22,34.6357,-86.569,149.0,12,rising,161,178,CXON,0,-0.01,-0.01,-0.01,-0.01
2617,3:22:25,416,C,F,N,N,163.9,30.6,3.73,2021-6-7-3:22:23,34.6357,-86.569,149.6,12,rising,162,179,CXON,0,-0.00,-0.01,-0.01,-0.01
2617,3:22:26,420,C,F,N,N,163.9,30.6,3.63,2021-6-7-3:22:24,34.6357,-86.569,150.1,12,rising,164,180,CXON,0,-0.00,-0.01,-0.01,-0.01
2617,3:22:27,423,C,F,N,N,163.9,30.6,3.65,2021-6-7-3:22:26,34.6357,-86.569,150.9,12,rising,165,181,CXON,0,-0.01,-0.01,-0.01,-0.01
2617,3:22:28,426,C,F,N,N,163.9,30.6,3.66,2021-6-7-3:22:27,34.6357,-86.569,151.4,12,rising,166,182,CXON,0,-0.00,-0.01,-0.01,-0.01
2617,3:22:29,430,C,F,N,N,164.0,30.6,3.64,2021-6-7-3:22:28,34.6357,-86.569,151.8,12,rising,167,184,CXON,0,0.00,-0.01,-0.01,-0.01
2617,3:22:31,433,C,F,N,N,164.0,30.6,3.66,2021-6-7-3:22:29,34.6357,-86.569,152.3,12,rising,168,185,CXON,0,0.00,-0.01,-0.01,-0.01
2617,3:22:32,436,C,F,N,N,164.1,30.6,3.67,2021-6-7-3:22:30,34.6357,-86.569,152.7,12,rising,169,186,CXON,0,-0.00,-0.01,-0.01,-0.01
2617,3:22:33,440,C,F,N,N,164.0,30.6,3.75,2021-6-7-3:22:31,34.6357,-86.569,152.9,11,rising,171,187,CXON,0,0.01,-0.01,-0.01,-0.01
2617,3:22:34,443,C,F,N,N,164.0,30.6,3.62,2021-6-7-3:22:32,34.6357,-86.569,153.2,11,rising,172,188,CXON,0,-0.01,-0.01,-0.01,-0.01
2617,3:22:35,446,C,F,N,N,163.9,30.6,3.41,2021-6-7-3:22:34,34.6356,-86.569,153.7,12,rising,173,189,CXON,0,0.00,-0.01,-0.01,-0.01
2617,3:22:36,449,C,F,N,N,164.0,30.6,3.67,2021-6-7-3:22:35,34.6356,-86.569,154.0,11,rising,174,190,CXON,0,-0.01,-0.01,-0.01,-0.01
2617,3:22:38,453,C,F,N,N,164.1,30.6,3.65,2021-6-7-3:22:36,34.6356,-86.569,153.9,12,rising,175,192,CXON,0,0.01,-0.01,-0.01,-0.01
2617,3:22:39,456,C,F,N,N,163.9,30.6,3.67,2021-6-7-3:22:37,34.6356,-86.569,154.0,12,rising,176,193,CXON,0,0.02,-0.01,-0.01,-0.01
2617,3:22:40,459,C,F,N,N,163.8,30.6,3.82,2021-6-7-3:22:38,34.6356,-86.569,154.2,11,rising,177,194,CXON,0,-0.02,-0.01,-0.01,-0.01
2617,3:22:41,463,C,F,N,N,163.7,30.6,3.75,2021-6-7-3:22:39,34.6356,-86.569,154.4,12,rising,179,195,CXON,0,-0.02,-0.01,-0.01,-0.01
2617,3:22:42,466,C,F,N,N,163.7,30.6,3.67,2021-6-7-3:22:41,34.6356,-86.569,154.6,11,rising,180,196,CXON,0,-0.01,-0.01,-0.01,-0.01
2617,3:22:43,469,C,F,N,N,163.7,30.6,3.66,2021-6-7-3:22:42,34.6356,-86.569,154.9,11,rising,181,197,CXON,0,0.00,-0.01,-0.01,-0.01
2617,3:22:45,473,C,F,N,N,163.8,30.7,3.65,2021-6-7-3:22:43,34.6356,-86.569,154.9,11,rising,182,199,CXON,0,0.00,-0.01,-0.01,-0.01
2617,3:22:46,476,C,F,N,N,164.0,30.7,3.72,2021-6-7-3:22:44,34.6356,-86.569,155.1,11,rising,183,200,CXON,0,0.01,-0.01,-0.01,-0.01
2617,3:22:47,478,C,F,N,N,163.9,30.7,3.60,2021-6-7-3:22:45,34.6356,-86.569,155.2,11,rising,184,200,CXON,0,0.02,-0.01,-0.01,-0.01
2617,3:22:48,480,C,F,N,N,163.8,30.7,3.65,2021-6-7-3:22:46,34.6356,-86.569,155.2,11,rising,185,200,CXON,0,-0.01,-0.01,-0.01,-0.01
2617,3:22:49,483,C,F,N,N,163.8,30.7,3.68,2021-6-7-3:22:47,34.6356,-86.569,155.4,12,rising,187,200,CXON,0,-0.00,-0.01,-0.01,-0.01
2617,3:22:50,485,C,F,N,N,163.9,30.7,3.64,2021-6-7-3:22:49,34.6356,-86.569,155.3,13,rising,188,200,CXON,0,-0.00,-0.01,-0.01,-0.01
2617,3:22:51,488,C,F,N,N,164.0,30.7,3.68,2021-6-7-3:22:50,34.6356,-86.569,155.4,12,rising,189,201,CXON,0,0.00,-0.01,-0.01,-0.01
2617,3:22:53,491,C,F,N,N,164.0,30.7,3.65,2021-6-7-3:22:51,34.6356,-86.569,155.4,12,rising,190,202,CXON,0,0.01,-0.01,-0.01,-0.01
2617,3:22:54,494,C,F,N,N,164.0,30.7,3.77,2021-6-7-3:22:52,34.6356,-86.569,155.2,12,rising,191,203,CXON,0,0.01,-0.01,-0.01,-0.01
2617,3:22:55,497,C,F,N,N,164.0,30.7,3.71,2021-6-7-3:22:53,34.6356,-86.569,155.2,12,rising,192,204,CXON,0,-0.01,-0.01,-0.01,-0.01
2617,3:22:56,502,C,F,N,N,164.1,30.7,3.60,2021-6-7-3:22:54,34.6356,-86.569,155.2,12,rising,194,206,CXON,0,0.00,-0.01,-0.01,-0.01
2617,3:22:57,505,C,F,N,N,164.1,30.7,3.66,2021-6-7-3:22:56,34.6356,-86.569,155.4,12,rising,195,207,CXON,0,0.01,-0.01,-0.01,-0.01
2617,3:22:58,508,C,F,N,N,164.1,30.7,3.59,2021-6-7-3:22:57,34.6356,-86.569,155.5,12,rising,196,208,CXON,0,-0.00,-0.01,-0.01,-0.01
2617,3:23:0,511,C,F,N,N,164.1,30.7,3.80,2021-6-7-3:22:58,34.6356,-86.569,155.4,12,rising,197,209,CXON,0,0.01,-0.01,-0.01,-0.01
2617,3:23:1,514,C,F,N,N,164.1,30.7,3.67,2021-6-7-3:22:59,34.6356,-86.569,155.4,12,rising,198,210,CXON,0,-0.00,-0.01,-0.01,-0.01
2617,3:23:2,517,C,F,N,N,164.0,30.7,3.50,2021-6-7-3:23:0,34.6356,-86.569,155.4,12,rising,199,211,CXON,0,-0.01,-0.01,-0.01,-0.01
2617,3:23:3,521,C,F,N,N,163.9,30.8,3.59,2021-6-7-3:23:1,34.6356,-86.569,155.4,12,rising,200,213,CXON,0,-0.01,-0.01,-0.01,-0.01
2617,3:23:4,525,C,F,N,N,163.8,30.8,3.65,2021-6-7-3:23:3,34.6356,-86.569,155.6,12,rising,202,214,CXON,0,-0.01,-0.01,-0.01,-0.01
2617,3:23:5,528,C,F,N,N,163.9,30.8,3.64,2021-6-7-3:23:4,34.6356,-86.569,155.6,12,rising,203,215,CXON,0,-0.01,-0.01,-0.01,-0.01
2617,3:23:7,531,C,F,N,N,163.9,30.8,3.82,2021-6-7-3:23:5,34.6356,-86.569,155.9,12,rising,204,216,CXON,0,0.01,-0.01,-0.01,-0.01
2617,3:23:8,534,C,F,N,N,163.7,30.8,3.63,2021-6-7-3:23:6,34.6356,-86.569,156.1,12,rising,205,217,CXON,0,0.00,-0.01,-0.01,-0.01
2617,3:23:9,537,C,F,N,N,163.9,30.8,3.79,2021-6-7-3:23:7,34.6356,-86.569,156.3,12,rising,206,218,CXON,0,-0.02,-0.01,-0.01,-0.01
2617,3:23:10,540,C,F,N,N,163.7,30.8,3.85,2021-6-7-3:23:8,34.6356,-86.569,156.6,12,rising,207,219,CXON,0,0.01,-0.01,-0.01,-0.01
2617,3:23:11,544,C,F,N,N,163.7,30.8,3.81,2021-6-7-3:23:9,34.6356,-86.569,156.7,12,rising,208,221,CXON,0,-0.02,-0.01,-0.01,-0.01
2617,3:23:12,548,C,F,N,N,163.7,30.8,3.75,2021-6-7-3:23:11,34.6356,-86.569,157.0,11,rising,210,222,CXON,0,-0.00,-0.01,-0.01,-0.01
2617,3:23:13,551,C,F,N,N,163.6,30.8,3.64,2021-6-7-3:23:12,34.6356,-86.569,157.2,11,rising,211,223,CXON,0,-0.00,-0.01,-0.01,-0.01
2617,3:23:15,554,C,F,N,N,163.6,30.8,3.56,2021-6-7-3:23:13,34.6356,-86.569,157.5,12,rising,212,224,CXON,0,-0.02,-0.01,-0.01,-0.01
2617,3:23:16,557,C,F,N,N,163.7,30.8,3.84,2021-6-7-3:23:14,34.6356,-86.569,157.9,11,rising,213,225,CXON,0,-0.00,-0.01,-0.01,-0.01
2617,3:23:18,563,C,F,N,N,163.4,30.8,3.71,2021-6-7-3:23:16,34.6356,-86.569,158.0,11,rising,215,227,CXON,0,0.00,-0.01,-0.01,-0.01
2617,3:23:22,574,C,F,N,N,163.6,30.9,3.71,2021-6-7-3:23:20,34.6356,-86.569,158.0,11,rising,219,231,CXON,0,0.02,-0.01,-0.01,-0.01
2617,3:23:23,577,C,F,N,N,163.7,30.9,3.78,2021-6-7-3:23:21,34.6356,-86.569,157.9,11,rising,220,232,CXON,0,0.00,-0.01,-0.01,-0.01
2617,3:23:26,587,C,F,N,N,163.7,30.9,3.63,2021-6-7-3:23:25,34.6356,-86.569,158.4,12,rising,223,236,CXON,0,0.00,-0.01,-0.01,-0.01
2617,3:23:28,594,C,F,N,N,163.9,30.9,3.68,2021-6-7-3:23:27,34.6356,-86.569,159.0,11,rising,226,238,CXON,0,0.00,-0.01,-0.01,-0.01
2617,3:23:30,597,C,F,N,N,163.9,30.9,3.78,2021-6-7-3:23:28,34.6356,-86.569,159.3,12,rising,227,239,CXON,0,0.01,-0.01,-0.01,-0.01
2617,3:23:33,606,C,F,N,N,163.8,30.9,3.77,2021-6-7-3:23:31,34.6356,-86.569,160.3,11,rising,230,242,CXON,0,-0.00,-0.01,-0.01,-0.01
2617,3:23:34,611,C,F,N,N,163.9,30.9,3.55,2021-6-7-3:23:33,34.6356,-86.569,160.9,11,rising,232,244,CXON,0,-0.00,-0.01,-0.01,-0.01
2617,3:23:35,614,C,F,N,N,164.1,30.9,3.67,2021-6-7-3:23:34,34.6356,-86.569,160.9,12,rising,233,245,CXON,0,0.00,-0.01,-0.01,-0.01
2617,3:23:37,617,C,F,N,N,164.1,30.9,3.68,2021-6-7-3:23:35,34.6356,-86.569,161.1,12,rising,234,246,CXON,0,0.03,-0.01,-0.01,-0.01
2617,3:23:38,620,C,F,N,N,163.9,30.9,3.80,2021-6-7-3:23:36,34.6356,-86.569,161.2,12,rising,235,247,CXON,0,0.01,-0.01,-0.01,-0.01
2617,3:23:39,623,C,F,N,N,164.1,30.9,3.74,2021-6-7-3:23:37,34.6356,-86.569,160.9,12,rising,236,248,CXON,0,-0.03,-0.01,-0.01,-0.01
2617,3:23:40,626,C,F,N,N,164.2,30.9,3.74,2021-6-7-3:23:38,34.6356,-86.569,160.8,13,rising,237,249,CXON,0,0.02,-0.01,-0.01,-0.01
2617,3:23:41,630,C,F,N,N,164.1,30.9,3.52,2021-6-7-3:23:40,34.6356,-86.569,160.3,13,rising,238,251,CXON,0,0.01,-0.01,-0.01,-0.01
2617,3:23:44,637,C,F,N,N,164.3,30.9,3.80,2021-6-7-3:23:42,34.6356,-86.569,160.3,14,rising,241,253,CXON,0,-0.02,-0.01,-0.01,-0.01
2617,3:23:45,640,C,F,N,N,164.3,30.9,3.65,2021-6-7-3:23:43,34.6356,-86.569,160.3,12,rising,242,254,CXON,0,0.03,-0.01,-0.01,-0.01
2617,3:23:46,643,C,F,N,N,164.2,30.9,3.67,2021-6-7-3:23:44,34.6356,-86.569,161.0,13,rising,243,255,CXON,0,0.01,-0.01,-0.01,-0.01
2617,3:23:47,646,C,F,N,N,164.2,30.9,3.63,2021-6-7-3:23:45,34.6356,-86.569,161.2,13,rising,244,256,CXON,0,-0.02,-0.01,-0.01,-0.01
2617,3:23:48,648,C,F,N,N,164.0,30.9,3.87,2021-6-7-3:23:47,34.6356,-86.569,160.8,13,rising,245,256,CXON,0,-0.00,-0.01,-0.01,-0.01
2617,3:23:49,650,C,F,N,N,164.0,30.9,3.86,2021-6-7-3:23:48,34.6356,-86.569,160.6,13,rising,246,256,CXON,0,-0.01,-0.01,-0.01,-0.01
2617,3:23:50,653,C,F,N,N,164.0,31.0,3.73,2021-6-7-3:23:49,34.6356,-86.569,160.7,13,rising,248,256,CXON,0,-0.00,-0.01,-0.01,-0.01
2617,3:23:52,655,C,F,N,N,163.9,31.0,3.72,2021-6-7-3:23:50,34.6356,-86.569,161.0,13,rising,249,256,CXON,0,-0.01,-0.01,-0.01,-0.01
2617,3:23:53,659,C,F,N,N,163.9,31.0,3.65,2021-6-7-3:23:51,34.6356,-86.569,161.2,13,rising,250,258,CXON,0,-0.01,-0.01,-0.01,-0.01
2617,3:23:54,662,C,F,N,N,163.9,31.0,3.74,2021-6-7-3:23:52,34.6356,-86.569,161.0,13,rising,251,259,CXON,0,0.00,-0.01,-0.01,-0.01
2617,3:23:55,664,C,F,N,N,164.0,31.0,3.60,2021-6-7-3:23:53,34.6356,-86.569,160.0,13,rising,252,259,CXON,0,-0.00,-0.01,-0.01,-0.01
2617,3:23:56,666,C,F,N,N,163.9,31.0,3.50,2021-6-7-3:23:55,34.6356,-86.569,160.1,13,rising,253,259,CXON,0,0.01,-0.01,-0.01,-0.01
2617,3:23:57,669,C,F,N,N,164.0,31.0,3.50,2021-6-7-3:23:56,34.6356,-86.569,160.2,13,rising,255,259,CXON,0,-0.01,-0.01,-0.01,-0.01
2617,3:23:59,671,C,F,N,N,163.8,31.0,3.51,2021-6-7-3:23:57,34.6356,-86.569,159.7,13,rising,256,259,CXON,0,0.01,-0.01,-0.01,-0.01
2617,3:24:0,675,C,F,N,N,163.9,31.0,3.56,2021-6-7-3:23:58,34.6356,-86.569,159.7,13,rising,257,261,CXON,0,-0.02,-0.01,-0.01,-0.01
2617,3:24:1,678,C,F,N,N,164.2,31.0,3.46,2021-6-7-3:23:59,34.6356,-86.569,160.0,13,rising,258,262,CXON,0,0.00,-0.01,-0.01,-0.01
2617,3:24:2,681,C,F,N,N,164.1,31.0,3.54,2021-6-7-3:24:0,34.6356,-86.569,159.8,13,rising,259,263,CXON,0,0.03,-0.01,-0.01,-0.01
2617,3:24:3,684,C,F,N,N,164.0,31.0,3.75,2021-6-7-3:24:2,34.6356,-86.569,159.5,13,rising,260,264,CXON,0,-0.01,-0.01,-0.01,-0.01
2617,3:24:6,691,C,F,N,N,163.9,31.0,3.73,2021-6-7-3:24:4,34.6356,-86.569,160.0,13,rising,263,266,CXON,0,-0.02,-0.01,-0.01,-0.01
2617,3:24:7,693,C,F,N,N,163.8,31.0,3.58,2021-6-7-3:24:5,34.6356,-86.569,159.7,13,rising,264,266,CXON,0,-0.00,-0.01,-0.01,-0.01
2617,3:24:8,695,C,F,N,N,163.9,31.0,3.78,2021-6-7-3:24:6,34.6356,-86.569,159.8,13,rising,265,266,CXON,0,-0.01,-0.01,-0.01,-0.01
2617,3:24:9,697,C,F,N,N,163.8,31.0,3.74,2021-6-7-3:24:7,34.6356,-86.569,158.7,13,rising,266,266,CXON,0,0.01,-0.01,-0.01,-0.01
2617,3:24:10,700,C,F,N,N,163.8,31.0,3.87,2021-6-7-3:24:9,34.6356,-86.569,158.4,13,rising,267,267,CXON,0,-0.01,-0.01,-0.01,-0.01
2617,3:24:11,703,C,F,N,N,163.8,31.0,3.73,2021-6-7-3:24:10,34.6356,-86.569,158.5,13,rising,268,268,CXON,0,-0.01,-0.01,-0.01,-0.01
61,3:24:12,708,C,F,N,N,163.9,31.0,3.62,2021-6-7-3:24:11,34.6356,-86.569,158.6,13,rising,270,270,CXON,0,0.00,-0.01,-0.01,-0.01
2617,3:24:14,711,C,F,N,N,164.0,31.0,3.66,2021-6-7-3:24:12,34.6356,-86.569,158.4,13,rising,271,271,CXON,0,0.00,-0.01,-0.01,-0.01
2617,3:24:17,720,C,F,N,N,163.7,31.0,3.76,2021-6-7-3:24:15,34.6356,-86.569,158.6,13,rising,274,274,CXON,0,-0.02,-0.01,-0.01,-0.01
2617,3:24:19,724,C,F,N,N,163.8,31.0,3.74,2021-6-7-3:24:18,34.6356,-86.569,158.0,13,rising,276,274,CXON,0,0.01,-0.01,-0.01,-0.01
2617,3:24:21,727,C,F,N,N,163.9,31.0,3.66,2021-6-7-3:24:19,34.6356,-86.569,158.1,13,rising,278,274,CXON,0,0.00,-0.01,-0.01,-0.01
2617,3:24:22,730,C,F,N,N,163.9,31.0,3.69,2021-6-7-3:24:20,34.6356,-86.569,158.0,13,rising,279,275,CXON,0,0.01,-0.01,-0.01,-0.01
2617,3:24:24,736,C,F,N,N,164.2,31.0,3.65,2021-6-7-3:24:22,34.6356,-86.569,158.2,14,rising,281,277,CXON,0,0.01,-0.01,-0.01,-0.01
2617,3:42:16,1,C,F,N,N,155.6,25.2,3.92,2021-6-7-3:42:14,34.6356,-86.569,146.8,0,rising,0,1,CXON,0,0.00,-0.01,-0.01,-0.01
2617,3:42:18,7,C,F,N,N,156.1,25.4,3.73,2021-6-7-3:42:16,34.6356,-86.569,146.8,0,rising,2,3,CXON,0,0.04,-0.01,-0.01,-0.01
2617,3:42:19,10,C,F,N,N,156.0,25.5,3.53,2021-6-7-3:42:18,34.6356,-86.569,146.8,0,risin,3,4,CON,0,0.02,-0.01,-0.01,-0.01
2617,3:42:21,13,C,F,N,N,156.2,25.6,3.62,2021-6-7-3:42:18,34.6346,-86.564,146.8,3,rising,4,5,CXON,0,-0.00,-0.01,-0.01,-0.01
2617,3:42:22,16,C,F,N,N,156.2,25.7,3.71,2021-6-7-3:42:20,34.6357,-86.568,205.1,4,rising,5,6,CXON,0,0.01,-0.01,-0.01,-0.01
,3:3,20,C,F,N,N,156.2,25.8,3.65,2021-6-7-3:42:21,34.6357,-86.569,162.6,5,rising,6,8,CXON,0,0.01,-0.01,-0.01,-0.01
2617,3:42:24,23,C,F,N,N,155.9,25.8,3.64,2021-6-7-3:42:22,34.6356,-86.570,117.0,6,rising,7,9,CXON,0,0.00,-0.01,0.01,-.01
2617,3:42:25,26,C,F,N,N,156.1,25.9,3.64,2021-6-7-3:42:23,346356,-86.570,137.0,7,rising,8,10,CXON,0,-0.04,-0.01,-0.01,-0.01
2617,3:42:27,33,C,F,N,N,156.3,26.1,3.59,2021-6-7-3:42:26,34.6357,-86.569,180.3,10,rising,1112,CXON,0,0.02,-0.01,-0.01,-001
2617,3:42:29,36,C,F,NN,156.0,26.1,3.79,2021-6--3:42:7,34.657,-86.569,184.6,10,rsing,1,13,CXON,0,0.01,-0.01,-0.01,-0.01
2617,3:42:30,39,C,F,N,N,155.9,26.2,3.81,2021-6-7-3:42:28,34.6358,-86.569,186.4,10,rising,13,14,CXON,0,-0.04,-0.01,-0.01,-0.01
617,:42:1,43,C,F,N,N,155.9,26.3,3.65,2021-6-7-3:42:29,34.658,-6.569,188.0,1,rising,14,16,XON,0,-0.01,-0.1,-0.1,-0.01
2617,3:42:33,49,C,F,N,N,156.1,26.4,3.67,2021-6-7-3:42:32,34.6358,-86.569,190.6,10,rising,16,18,CXON,0,-0.00,-0.01,-0.01,-0.1
217,342:34,53,C,F,N,N,156.1,26.4,366,221-6-7-3:42:3334.658,-86.56,190.6,1,risng,1,19,XON,,0.01,-0.01,-0.01,-.01
2617,3:42:36,56,C,F,N,N,156.1,26.5,3.49,2021-6-7-3:42:34,34.6358,-86.569,190.7,10,rising,19,20,CXON,0,-0.00,-0.01,-0.01,-0.01
2617,3:42:37,59,C,F,NN,155.9,26.6,3.8,2021-6-7-:42:35,34.358,-86.569,190.8,10,risin,20,1,CXON,0,0.00,-.01,-0.01-0.01
2617,3:42:40,69,C,F,N,N,1558,267,3.2,201-6-7-3:42:3934.6357,-86.569,19.2,10,rising,2325,CXON,,0.0,-0.1,-001,-0.01
2617,3:44:36,399,C,F,N,N,155.3,29.6,3.43,2021-6-7-3:44:34,34.6356,-86.569,165.2,9,rising,138,140,CXON,0,0.03,-0.01,-0.01,-0.01
2617,3:44:37,403,C,F,N,N,155.4,29.6,3.50,2021-6-7-3:44:36,34.6356,-86.569,164.6,9,rising,140,141,CXON,0,-0.04,-0.01,-0.01,-0.01
2617,3:44:38,407,C,F,N,N,155.5,29.6,3.70,2021-6-7-3:44:37,34.6356,-86.569,164.7,10,rising,141,143,CXON,0,0.01,-0.01,-0.01,-0.01
2617,3:44:40,410,C,F,N,N,155.4,29.7,3.69,2021-6-7-3:44:38,34.6356,-86.569,164.3,9,rising,142,144,CXON,0,0.01,-0.01,-0.01,-0.01
2617,3:44:41,413,C,F,N,N,155.6,29.7,3.67,2021-6-7-3:44:39,34.6356,-86.569,164.9,9,rising,143,145,CXON,0,-0.01,-0.01,-0.01,-0.01
2617,3:44:42,416,C,F,N,N,155.6,29.7,3.76,2021-6-7-3:44:40,34.6356,-86.569,164.4,9,rising,144,146,CXON,0,0.01,-0.01,-0.01,-0.01
2617,3:44:43,419,C,F,N,N,155.6,29.7,3.72,2021-6-7-3:44:41,34.6356,-86.569,164.2,9,rising,145,147,CXON,0,-0.00,-0.01,-0.01,-0.01
2617,3:44:44,423,C,F,N,N,155.2,29.7,3.70,2021-6-7-3:44:43,34.6356,-86.569,163.6,9,rising,147,148,CXON,0,-0.00,-0.01,-0.01,-0.01
2617,3:52:5,10,C,F,N,N,154.1,30.3,3.81,2021-6-7-3:52:3,34.6356,-86.569,168.2,10,rising,5,5,CXON,0,0.01,-0.01,-0.01,-0.01
2617,3:52:6,14,C,F,N,N,154.2,30.3,3.462021-6-7-3:52:4,34.6356,-86.569,167.9,10,rising,6,7,CXON,0,-0.00,-0.01,-0.01,-0.01
2617,3:52:7,17,C,F,N,N,154.1,30.3,3.51,2021-6-7-3:52:5,34.6356,-86.569,168.0,10,rising,7,8,CXON,0,0.01,-0.01,-0.01,-0.01
2617,3:52:8,20,C,F,N,N,154.4,30.3,3.66,2021-6-7-3:52:6,34.6356,-86.569,167.4,10,rising,8,9,CXON,0,-0.01,-0.01,-0.01,-0.01
2617,3:52:9,24,C,F,N,N,154.5,30.3,3.54,2021-6-7-3:52:8,34.6356,-86.569,167.6,10,rising,10,10,CXON,0,0.02,-0.01,-0.01,-0.01
2617,3:52:10,27,C,F,N,N,154.4,30.4,3.49,2021-6-7-3:52:9,34.6356,-86.569,167.8,10,rising,11,11,CXON,0,0.02,-0.01,-0.01,-0.01
2617,3:52:12,30,C,F,N,N,154.3,30.4,3.60,2021-6-7-3:52:10,34.6356,-86.569,168.5,10,rising,12,12,CXON,0,-0.01,-0.01,-0.01,-0.01
2617,3:52:13,33,C,F,N,N,154.2,30.4,3.79,2021-6-7-3:52:11,34.6356,-86.569,168.3,10,rising,13,13,CXON,0,-0.02,-0.01,-0.01,-0.01
2617,3:52:15,40,C,F,N,N,154.1,30.4,3.60,2021-6-7-3:52:13,34.6356,-86.569,168.4,10,rising,15,16,CXON,0,-0.00,-0.01,-0.01,-0.01
2617,3:52:16,44,C,F,N,N,154.4,30.4,3.53,2021-6-7-3:52:15,34.6356,-86.569,168.3,10,rising,17,17,CXON,0,-0.02,-0.01,-0.01,-0.01
2617,3:52:17,47,C,F,N,N,154.4,30.4,3.72,2021-6-7-3:52:16,34.6356,-86.569,167.7,10,rising,18,18,CXON,0,0.03,-0.01,-0.01,-0.01
2617,3:52:19,50,C,F,N,N,154.2,30.4,3.60,2021-6-7-3:52:17,34.6356,-86.569,166.6,10,rising,19,19,CXON,0,0.00,-0.01,-0.01,-0.01
2617,3:52:20,53,C,F,N,N,154.0,30.4,3.64,2021-6-7-3:52:18,34.6356,-86.569,166.1,10,rising,20,20,CXON,0,-0.03,-0.01,-0.01,-0.01
2617,3:52:21,57,C,F,N,N,154.0,30.4,3.57,2021-6-7-3:52:19,34.6356,-86.569,165.4,10,rising,21,22,XON,0,-002,-0.01,-0.01,-0.01
2617,3:52:22,60,C,F,N,N,154.4,30.4,3.67,2021-6-7-3:52:20,34.6356,-86.569,165.0,10,rising,22,23,CXON,0,0.01,-0.01,-0.01,-0.01
2617,3:52:23,64,C,F,N,N,154.3,30.4,3.62,2021-6-7-3:52:22,34.6356,-86.569,164.2,10,rising,24,24,CXON,0,0.03,-0.01,-0.01,-0.01
2617,3:53:49,0,C,F,N,N,153.1,27.4,3.84,2021-6-7-3:53:47,34.6352,-86.570,107.6,4,rising,0,0,CXON,0,0.01,-0.01,-0.01,-0.01
2617,3:53:50,1,C,F,N,N,153.2,27.5,3.55,2021-6-7-3:53:48,34.6353,-86.570,85.0,7,rising,0,0,CXON,0,0.01,-0.01,-0.01,-0.01
2617,3:53:51,2,C,F,N,N,153.5,27.6,3.55,2021-6-7-3:53:49,34.6353,-86.570,91.9,7,rising,0,0,CXON,0,0.01,-0.01,-0.01,-0.01
2617,3:53:52,3,C,F,N,N,153.6,27.7,3.74,2021-6-7-3:53:50,34.6355,-86.570,104.4,8,rising,0,0,CXON,0,0.03,-0.01,-0.01,-0.01
2617,3:53:53,5,C,F,N,N,153.6,27.8,3.74,2021-6-7-3:53:52,34.6356,-86.570,124.8,8,rising,0,1,CXON,0,0.01,-0.01,-0.01,-0.01
2617,3:53:54,8,C,F,N,N,153.9,27.9,3.74,2021-6-7-3:53:53,34.6356,-86.570,129.2,8,rising,1,2,CXON,0,0.00,-0.01,-0.01,-0.01
2617,3:53:56,11,C,F,N,N,153.7,27.9,3.66,2021-6-7-3:53:54,34.6356,-86.570,129.9,8,rising,2,3,CXON,0,0.03,-0.01,-0.01,-0.01
2617,3:53:58,17,C,F,N,N,153.4,28.0,3.84,2021-6-7-3:53:56,34.6356,-86.570,134.0,8,rising,4,5,CXON,0,-0.02,-0.01,-0.01,-0.01
2617,3:53:59,21,C,F,N,N,153.4,28.1,3.87,2021-6-7-3:53:57,34.6356,-86.570,140.0,9,rising,6,6,CXON,0,-0.02,-0.01,-0.01,-0.01
2617,3:54:0,25,C,F,N,N,153.5,28.1,3.83,2021-6-7-3:53:58,34.6357,-86.570,144.0,9,rising,7,8,CXON,0,-0.01,-0.01,-0.01,-0.01
2617,3:54:1,28,C,F,N,N,153.6,28.2,3.67,2021-6-7-3:54:0,34.6357,-86.569,148.0,9,rising,8,9,CXON,0,0.01,-0.01,-0.01,-0.01
173..2617,3:54:2,31,C,F,N,N,153.4,28.2,3.66,2021-6-7-3:54:1,34.6357,-86.569,149.8,9,rising,9,10,CXON,0,0.01,-0.01,-0.01,-0.01
2617,3:56:17,19,C,F,N,N,152.0,26.6,3.66,2021-6-7-3:56:15,34.6360,-86.569,186.2,10,rising,10,9,CXON,0,-0.00,-0.01,-0.01,-0.01
2617,3:56:18,22,C,F,N,N,152.2,26.7,3.65,2021-6-7-3:56:16,34.6359,-86.569,186.0,10,rising,11,10,CXON,0,0.03,-0.01,-0.01,-0.01
2617,3:56:19,25,C,F,N,N,152.3,26.8,3.70,2021-6-7-3:56:18,34.6359,-86.569,181.9,10,rising,12,11,CXON,0,0.02,-0.01,-0.01,-0.01
2617,3:56:20,28,C,F,N,N,152.1,26.9,3.73,2021-6-7-3:56:19,34.6359,-86.569,180.2,10,rising,13,12,CXON,0,0.01,-0.01,-0.01,-0.01
